line-cell,line-value,shift-cell,shift-value
C4,L-1,C5,A
D4,L-1,D5,B
E4,L-1,E5,C
F4,L-5,F5,A
G4,L-5,G5,B
H4,L-5,H5,C
I4,L-6,I5,A
J4,L-6,J5,B
K4,L-6,K5,C
L4,L-7,L5,A
M4,L-7,M5,B
N4,L-7,N5,C
O4,L-8,O5,A
P4,L-8,P5,B
Q4,L-8,Q5,C
R4,L-PR,R5,A
S4,L-PR,S5,B
T4,L-PR,T5,C
U4,L-9,U5,A
V4,L-9,V5,B
W4,L-9,W5,C
X4,L-10,X5,A
Y4,L-10,Y5,B
Z4,L-10,Z5,C
AA4,L-13,AA5,A
AB4,L-13,AB5,B
AC4,L-13,AC5,C
AD4,L-14,AD5,A
AE4,L-14,AE5,B
AF4,L-14,AF5,C
AG4,L-15,AG5,A
AH4,L-15,AH5,B
AI4,L-15,AI5,C
