celldepartment-cell,department-value,reason-cell,reason-value
A6,Manufacturing Delay,B6,Mill Delay
A7,Manufacturing Delay,B7,Tire Cluster
A8,Manufacturing Delay,B8,Tire Cut
A9,Manufacturing Delay,B9,Low Temparature
A10,Manufacturing Delay,B10,Mold damage Production Dpt.
A11,Manufacturing Delay,B11,2S - 5S
A12,Manufacturing Delay,B12,One Side Planning
A13,Manufacturing Delay,B13,Operators Mistakes
A14,Manufacturing Delay,B14,Tire Delay for Line - Oven/Press
A15,Manufacturing Delay,B15,No WIP
A16,Manufacturing Delay,B16,Tire Late
A17,Manufacturing Delay,B17,Scheduling Dealey Production - Re schedule
A18,Manufacturing Delay,B18,Change Over
A19,Manufacturing Delay,B19,Quality Changing  Mill
A20,Manufacturing Delay,B20,Lack of skill  -  No Skill operator
A21,Manufacturing Delay,B21,Compound Delay Mixer/Mill (Production Dep:)
A22,Manufacturing Delay,B22,Mold MT Delay - Pro Department
A23,Manufacturing Delay,B23,Day Shift Delay
A24,Manufacturing Delay,B24,Night Shift Delay
A25,Manufacturing Delay,B25,Sand Blast Delay
A26,Manufacturing Delay,B26,Tire handling delay
A27,Manufacturing Delay,B27,Line Capacity Recording Error - TL
A28,Defects,B28,Flash Open
A29,Defects,B29,Turn Mold
A30,Defects,B30,R.O.S.
A31,Defects,B31,Shifted
A32,Defects,B32,Extensity Bad
A33,Defects,B33,Cuts
A34,Defects,B34,Short Mold
A35,Defects,B35,H/T
A36,Defects,B36,Impurity
A37,Defects,B37,Name Plate Problem
A38,Defects,B38,Mold Damage
A39,Defects,B39,Casing Problem
A40,Defects,B40,Pin Broken &  Problem
A41,Defects,B41,Pin Lock Broken
A42,Defects,B42,Center Pin Damage
A43,Defects,B43,Core Problem
A44,Defects,B44,Clamp Problem
A45,Defects,B45,Clamp Osher
A46,Defects,B46,Two Color
A47,Defects,B47,Venting Holes
A48,Defects,B48,Peaking
A49,Defects,B49,Porosity
A50,Defects,B50,Mold Cleaning
A51,Defects,B51,DP testing
A52,Defects,B52,Lug Damage
A53,Defects,B53,Crack
A54,Defects,B54,QC TL  Stopped
A55,Defects,B55,Safety Cabal Damage
A56,Defects,B56,Other Defect
A57,,B57,Mold Changing Delay
A58,Quality Problem,B58, Quality problem
A59,Quality Problem,B59,Quality Band/   Wheel  Damage
A60,Quality Problem,B60,Mold Stopped QC
A61,Quality Problem,B61,Planning Card Error
A62,Calibration,B62,Scale B/D
A63,Break down,B63,Mill B/D
A64,Break down,B64,Oven B/D
A65,Break down,B65,Press B/D
A66,Break down,B66,Press Bed
A67,Break down,B67,Toggle Break down
A68,Break down,B68,Closing Press
A69,Break down,B69,Hoist B/D
A70,Break down,B70,Other Traveling Hoist
A71,Break down,B71,HEO
A72,Break down,B72,Cabal 
A73,Break down,B73,SSP
A74,Break down,B74,Tire Handling Unit (ROBO)
A75,Break down,B75,Cart B/D
A76,Break down,B76,Mold Changing Cart
A77,Break down,B77,Carriage Bed  B/D
A78,Break down,B78,SSB (Shot Blast)
A79,Break down,B79,Air tool
A80,Break down,B80,Monorail / Conveyer
A81,Break down,B81,Bearing Change
A82,Break down,B82,Devise
A83,Break down,B83,SMX (Zone A)
A84,Break down,B84,After PM
A85,Break down,B85,Machine PM
A86,Break down,B86,Other Machine
A87,Break down,B87,Day Shift Breakdown
A88,Break down,B88,Night Shift Breakdown
A89,Break down,B89,Safety Cable 
A90,Break down,B90,-
A91,Break down,B91,-
A92,Electrical,B92,Water Line
A93,Electrical,B93,Air Line
A94,Electrical,B94,Oven Display Machine
A95,Electrical,B95,Electrical Problem 
A96,Electrical,B96,Power Cut
A97,Electrical,B97,-
A98,HR,B98,Non Attendance
A99,HR,B99,Lack of Man power
A100,HR,B100,Day Shift Non Attendance
A101,HR,B101,Sand Blast Non Attendance
A102,HR,B102,HR - Special Meeting
A103,HR,B103,No Skill - HR Responsible
A104,,B104,Planing Department
A105,Other Plant Loss,B105,CMP - Compound
A106,Other Plant Loss,B106,CMP Quality Problem
A107,Other Plant Loss,B107,Re-Cap Loss
A108,Other Plant Loss,B108,Material Other Plant
A109,Other Plant Loss,B109,Band Loss CWD
A110,Other Plant Loss,B110,Wheel Loss CWD
A111,Material Department ,B111,Material Department Delay
A112,Material Department ,B112,Cabal Loss
A113,Material Department ,B113,Bead grow mat Loss
A114,IE,B114,IE Dep
A115,IE,B115,Test
A116,IE,B116,Planning Card Error
A117,IE,B117,Other IE Issues (PID-Line 09)
A118,Others,B118,Process Improvement
A119,Others,B119,"Lack of Free Hitting,F/H Quality"
A120,Others,B120,Natural Disaster - Rain / Flood
A121,Others,B121,Transport
A122,Others,B122,Starting Late
A123,Others,B123,Night Shift - Over Production
A124,Others,B124,Line Setup
A125,Others,B125,Safety Problem - Accidenat
A126,Others,B126,Buliding expandable drum Issuse
